0,'Errors' doomed first Dome sale,0
4,Boothroyd calls for Lords speaker,0
8,Straw backs ending China embargo,0
12,Kennedy calls for Iraq exit plans,0
16,Howard unveils Tory asylum plans,0
20,Amnesty chief laments war failure,0
24,Cabinet anger at Brown cash raid,0
28,Protesters plan airport challenge,0
32,Row over 'police' power for CSOs,0
36,Kennedy questions trust of Blair,0
40,Labour's core support takes stock,0
44,Guantanamo man 'suing government',0
48,Top Tories on Lib Dem 'hit list',0
52,'Debate needed' on donations cap,0
56,Peace demo appeal rejected,0
60,Strike threat over pension plans,0
64,Galloway targets 'New Labour' MP,0
68,Ministers lose slopping out case,0
72,Blair sees greater Bush consensus,0
76,UK 'discriminated against Roma',0
80,Teenagers to be allowed to be MPs,0
84,More reforms ahead says Milburn,0
88,Mrs Howard gets key election role,0
92,Council tax rise 'reasonable',0
96,Plan to give elderly care control,0
100,Blair told to double overseas aid,0
104,Blair 'said he would stand down',0
108,Howard denies split over ID cards,0
112,Game warnings 'must be clearer',0
116,New foot and mouth action urged,0
120,Custody death rate 'shocks' MPs,0
124,Immigration to be election issue,0
128,Tory candidate quits over remark,0
132,Citizenship event for 18s touted,0
136,Profile: David Blunkett,0
140,Anti-terror plan faces first test,0
144,Profile: Gordon Brown,0
148,Could rivalry overshadow election?,0
152,Blair 'pressing US on climate',0
156,New rules tackle 'sham weddings',0
160,Kennedy criticises 'unfair' taxes,0
164,Labour's 'EU propaganda',0
168,Sainsbury's Labour election gift,0
172,Blunkett sorry over murder plan,0
176,Campbell: E-mail row 'silly fuss',0
180,Blunkett unveils policing plans,0
184,Hospital suspends 'no Welsh' plan,0
188,Choose hope over fear - Kennedy,0
192,Job cuts 'false economy'  - TUC,0
196,Burglar defence guidelines issued,0
200,Stalemate in pension strike talks,0
204,Tory leader quits legal position,0
208,Labour's four little words,0
212,Howard rejects BNP's claim,0
216,Labour plans maternity pay rise,0
220,Lib Dems stress Budget trust gap,0
224,Blair says mayor should apologise,0
228,David Blunkett in quotes,0
232,MPs criticise child access system,0
236,Kennedy begins pre-election tour,0
240,'Super union' merger plan touted,0
244,Butler launches attack on Blair,0
248,Tory leader unveils spending plan,0
252,Blair rejects Iraq advice calls,0
256,Kennedy's cautious optimism,0
260,Clarke plans migrant point scheme,0
264,Parliament's record of scandal,0
268,Housing plans criticised by MPs,0
272,Fox attacks Blair's Tory 'lies',0
276,MPs quiz aides over royal income,0
280,Pre-poll clash on tax and spend,0
284,Budget to set scene for election,0
288,Blair to face MPs amid feud talk,0
292,'EU referendum could cost £80m',0
296,Labour attacked on Howard poster,0
300,Guantanamo pair's passport ban,0
304,E-University 'disgraceful waste',0
308,Brown ally rejects Budget spree,0
312,NHS waiting time target is cut,0
316,Brown shrugs off economy fears,0
320,'Last chance' warning for voters,0
324,Ex-PM Lord Callaghan dies aged 92,0
328,Defection timed to hit tax pledge,0
332,Straw attacked on China arms,0
336,Top judge clashes with ministers,0
340,'Hitler' row over Welsh arts cash,0
344,CSA 'could close' says minister,0
348,Visa decision 'every 11 minutes',0
352,Act on detention ruling UK urged,0
356,Blair sets date for Africa report,0
360,Kinnock to urge reform in Lords,0
364,'No more concessions' on terror,0
368,'No-one can define new hunt ban',0
372,Tories pledge free sports lessons,0
376,Howard rebuts asylum criticisms,0
380,Boothroyd calls for Lords speaker,0
384,McConnell details Scots wave toll,0
388,Brown 'proud of economy record',0
392,MPs issued with Blackberry threat,0
396,Kennedy questions trust of Blair,0
400,Tory 'stalking horse' Meyer dies,0
404,Galloway plea for hostage release,0
408,UKIP outspent Labour on EU poll,0
412,EU referendum question unveiled,0
416,UK troops on Ivory Coast standby,0
420,Parties warned over 'grey vote',0
424,Lib Dems unveil women's manifesto,0
428,Women MPs reveal sexist taunts,0
432,Talks aim to avert pension strike,0
436,Nuclear strike 'key terror risk',0
440,McConnell in 'drunk' remark row,0
444,Mandelson warns BBC on Campbell,0
448,Commons hunt protest charges,0
452,Howard attacks 'pay later' Budget,0
456,PM apology over jailings,0
460,UKIP could sue Veritas defectors,0
464,Hague's six-figure earnings shown,0
468,Candidate resigns over BNP link,0
472,Hague 'given up' his PM ambition,0
476,Student 'fee factor' played down,0
480,Probe launched on Ken Nazi jibe,0
484,Boris opposes mayor apology,0
488,Lib Dems' 'bold' election policy,0
492,Blair congratulates Bush on win,0
496,Tories urge 'change at the top',0
500,'No UK apology' for colonial past,0
504,Vouchers 'to cut winter deaths',0
508,Opposition grows to house arrests,0
512,Tsunami debt deal to be announced,0
516,Tutu's Guantanamo release call,0
520,New UKIP defection to 'Veritas',0
524,Brown ally rejects Budget spree,0
528,Blair ready to call election,0
532,Kilroy names election seat target,0
536,What really divides the parties,0
540,Councils 'must find Gypsy sites',0
544,Whitehall cuts 'ahead of target',0
548,Lib Dems target the student vote,0
552,'Fido' to be taken off vote lists,0
556,Blunkett hints at election call,0
560,'More to do' on adult literacy,0
564,Howard pitches for UK ethnic vote,0
568,Blair returns from peace mission,0
572,Brown and Blair face new rift claims,0
576,Chancellor rallies Labour voters,0
580,Faith schools citizenship warning,0
584,Tories unveil quango blitz plans,0
588,Brown targets OAPs and homebuyers,0
592,Regiments' group in poll move,0
596,Kilroy-Silk quits 'shameful' UKIP,0
600,Howard and Blair tax pledge clash,0
604,Defiant hunts put ban to the test,0
608,Lib Dems highlight problem debt,0
612,Voters 'don't trust politicians',0
616,US casino 'tricks' face ban in UK,0
620,MPs tout Lords replacement plan,0
624,Hunt demo at Labour meeting,0
628,UKIP candidate suspended in probe,0
632,Economy focus for election battle,0
636,MP attacked by muggers in Kenya,0
640,Parties build up poll war chests,0
644,Anglers 'could face prosecution',0
648,UK helps raped Rwandan women,0
652,Petrol duties frozen Brown says,0
656,Blair and Brown criticised by MPs,0
660,Cherie accused of attacking Bush,0
664,Research fears over Kelly's views,0
668,Terror powers expose 'tyranny',0
672,Labour pig poster 'anti-Semitic',0
676,Minimum wage increased to £5.05,0
680,Fox attacks Blair's Tory 'lies',0
684,Sport betting rules in spotlight,0
688,Brown in appeal for Labour unity,0
692,Abortion not a poll issue - Blair,0
696,Pakistani women 'must not hide',0
700,Brown visits slum on Africa trip,0
704,Howard's unfinished business,0
708,Milburn defends poster campaign,0
712,Watchdog probes e-mail deletions,0
716,Child access law shake-up planned,0
720,Blair says UK tsunami aid to soar,0
724,Tories 'would cut number of MPs',0
728,Brown outlines third term vision,0
732,Conservative MP defects to Labour,0
736,Blair defends terror law changes,0
740,Labour seeks to quell feud talk,0
744,Crisis 'ahead in social sciences',0
748,Falconer rebuts 'charade' claims,0
752,Brown outlines third term vision,0
756,Blair 'damaged' by Blunkett row,0
760,Howard 'truanted to play snooker',0
764,Clarke faces ID cards rebellion,0
768,Labour accused of 'EU propaganda',0
772,Peers debate Crown succession law,0
776,Ministers deny care sums 'wrong',0
780,Ministers 'naive' over phone-taps,0
784,'Best person' for top legal job,0
788,Gurkhas to help tsunami victims,0
792,MP's shock at long lost daughter,0
796,Blair looks to election campaign,0
800,UKIP MEP attacked German 'empire',0
804,Brown comes out shooting,0
808,Lord Scarman 93 dies peacefully,0
812,How political squabbles snowball,0
816,UK plan to deport terror suspects,0
820,Election deal faltered over Heath role,0
824,Green fear for transport ballot,0
828,Tories outlining policing plans,0
832,Jamieson issues warning to bigots,0
836,Blair backs 'pre-election budget',0
840,Tories reject rethink on axed MP,0
844,What the election should really be about?,0
848,Blair to face trust issue head on,0
852,Blair joins school sailing trip,0
856,Parties warned over 'grey vote',0
860,Escaped prisoner report ordered,0
864,Kennedy predicts bigger turnout,0
868,Guantanamo four questioned,0
872,Labour trio 'had vote-rig factory',0
876,Will the Budget bring out smiling voters?,0
880,Howard attacks cost of asylum,0
884,Terror suspects face house arrest,0
888,Turkey deal 'to help world peace',0
892,Schools to take part in mock poll,0
896,Tsunami 'won't divert Africa aid',0
900,Clarke to unveil immigration plan,0
904,Blair moves to woo Jewish voters,0
908,Labour's election love-in,0
912,MPs issued with Blackberry threat,0
916,Manchester wins Labour conference,0
920,Blair prepares to name poll date,0
924,Observers to monitor UK election,0
928,Malik rejects all-black MP lists,0
932,Goldsmith: 'I was not leant on',0
936,Councils prepare to set tax rises,0
940,Howard taunts Blair over splits,0
944,Talks held on Gibraltar's future,0
948,Concerns at school diploma plan,0
952,England children's tsar appointed,0
956,Minimum rate for foster parents,0
960,Taxes must be trusted - Kennedy,0
964,Minister defends hunting ban law,0
968,Clarke to press on with ID cards,0
972,Donor attacks Blair-Brown 'feud',0
976,'Few ready' for information act,0
980,Brown names 16 March for Budget,0
984,Campaign 'cold calls' questioned,0
988,Jowell rejects 'Las Vegas' jibe,0
992,Security papers 'found in street',0
996,Nat Insurance to rise say Tories,0
1000,UK 'needs true immigration data',0
1004,Brown to outline presidency goals,0
1008,Kilroy launches 'Veritas' party,0
1012,Report attacks defence spending,0
1016,Crucial decision on super-casinos,0
1020,Labour accused of broken pledge,0
1024,Lib Dems 'to target stamp duty',0
1028,Ban on hunting comes into force,0
1032,Talks aim to avert pension strike,0
1036,UKIP candidate suspended,0
1040,The memory driving Brown's mission,0
1044,Straw praises Kashmir moves,0
1048,No election TV debate says Blair,0
1052,Blair rejects Tory terror offer,0
1056,Tories attack burglar 'U-turns',0
1060,Howard denies split over ID cards,0
1064,Army chiefs in regiments decision,0
1068,UK pledges £1bn to vaccine effort,0
1072,Blair hails Turkey-EU talks deal,0
1076,UK youth 'interested' in politics,0
1080,Goldsmith denies war advice claim,0
1084,February poll claim 'speculation',0
1088,Iraqis win death test case probe,0
1092,EU China arms ban 'to be lifted',0
1096,Sayeed to stand down as Tory MP,0
1100,Tories attack EU asylum moves,0
1104,Blair backs 'pre-election budget',0
1108,Visa row mandarin made Sir John,0
1112,Abbas 'will not tolerate' attacks,0
1116,UK firms 'embracing e-commerce',0
1120,Hague 'given up' his PM ambition,0
1124,UK needs tax cuts Tories insist,0
1128,Police urge pub closure power,0
1132,Cardinal criticises Iraq war cost,0
1136,MPs assess Scots fishing industry,0
1140,Blair dismisses quit claim report,0
1144,Scots smoking ban details set out,0
1148,Blair stresses prosperity goals,0
1152,Voters 'reject EU by two to one',0
1156,'Poll Idols' face first hurdles,0
1160,Asylum children to face returns,0
1164,Leaders meet over Turkish EU bid,0
1168,Russian ex-spy on hunger strike,0
1172,Retirement age could be scrapped,0
1176,New drink limit 'would cut toll',0
1180,Tory leader urges Harry apology,0
1184,'UK will stand firm on EU rebate',0
1188,Brown hits back in Blair rift row,0
1192,Blair Labour's longest-serving PM,0
1196,EU rules 'won't stop UK spending',0
1200,Child access laws shake-up,0
1204,Jowell confirms casino climbdown,0
1208,Lib Dems unveil election slogan,0
1212,Election 'could be terror target',0
1216,EU fraud clampdown urged,0
1220,BNP leader Nick Griffin arrested,0
1224,Former NI minister Scott dies,0
1228,Chancellor rallies Labour voters,0
1232,Thousands join strike in Wales,0
1236,Conservative backing for ID cards,0
1240,Howard hits back at mongrel jibe,0
1244,Labour MPs' fears over squabbling,0
1248,Drink remark 'acts as diversion',0
1252,Brown calls for £5.5bn Aids fund,0
1256,Blair's hope for Blunkett return,0
1260,Tories plan migrant health checks,0
1264,Student 'inequality' exposed,0
1268,Labour MP praises Tory campaign,0
1272,Lords wrong on detainees - Straw,0
1276,BAA support ahead of court battle,0
1280,UK heading wrong way - Howard,0
1284,UK set to cut back on embassies,0
1288,Boateng to step down at election,0
1292,Blair blasts Tory spending plans,0
1296,Muslims discuss election concerns,0
1300,Tory expert denies defeatism,0
1304,Hunt ban support is 'in decline',0
1308,Hewitt decries 'career sexism',0
1312,MPs demand 'Budget leak' answers,0
1316,Terror detainees win Lords appeal,0
1320,Kelly trails new discipline power,0
1324,Final hunts held as ban looms,0
1328,Muslim police stops 'more likely',0
1332,Labour faces 'cold calls' inquiry,0
1336,UKIP's secret weapon?,0
1340,Blair and Blunkett Sheffield trip,0
1344,'Nuclear dumpsite' plan attacked,0
1348,CSA chief who 'quit' still in job,0
1352,Lib Dems demand new inquiry,0
1356,No to Royal succession shake-up,0
1360,Schools to take part in mock poll,0
1364,TV debate urged for party chiefs,0
1368,Tories opposing 24-hour drinking,0
1372,School sport 'is back' says PM,0
1376,Tory backing for ID cards,0
1380,Brown names 16 March for Budget,0
1384,Tory leader 'cleared' over work,0
1388,Drive to 'save' festive holidays,0
1392,Parties' plans for council tax,0
1396,Howard dismisses Tory tax fears,0
1400,Protect whistleblowers TUC says,0
1404,Blair dismisses quit claim report,0
1408,Campbell returns to election team,0
1412,Wales 'must learn health lessons',0
1416,UK heading wrong way says Howard,0
1420,Straw to attend Auschwitz service,0
1424,Labour in constituency race row,0
1428,Blunkett tells of love and pain,0
1432,Blair pledges unity to Labour MPs,0
1436,Kilroy unveils immigration policy,0
1440,At a glance: Tory health checks,0
1444,Iraq advice claim sparks new row,0
1448,Campaign 'cold calls' questioned,0
1452,Plaid MP's cottage arson claim,0
1456,End Bush 'denial' Blair tells EU,0
1460,Lawyer attacks anti-terror laws,0
1464,Mayor will not retract Nazi jibe,0
1468,'Debate needed' on donations cap,0
1472,Hatfield executives go on trial,0
1476,MPs to debate 'euthanasia laws',0
1480,Labour targets 'hardcore truants',0
1484,Tories unveil quango blitz plans,0
1488,Teens 'know little' of politics,0
1492,Guantanamo four free in weeks,0
1496,Bid to cut court witness stress,0
1500,Labour battle plan 'hides Blair',0
1504,Lib Dems target first-time buyers,0
1508,Woolf murder sentence rethink,0
1512,Mandelson warning to BBC,0
1516,Tories leave door open for Archer,0
1520,Kennedy looks to election gains,0
1524,UK's 'useless' quangos under fire,0
1528,Analysis: No pain no gain?,0
1532,Tory expert denies defeat warning,0
1536,Baron Kinnock makes Lords debut,0
1540,Borders rail link campaign rally,0
1544,MPs' murder sentence concern,0
1548,Short attacks US over tsunami aid,0
1552,Lib Dems' new election PR chief,0
1556,Labour chooses Manchester,0
1560,New 'yob' targets to be unveiled,0
1564,'Super union' merger plan touted,0
1568,Profile: David Miliband,0
1572,Assembly ballot papers 'missing',0
1576,Whitehall shredding increasing - Tories,0
1580,Kilroy-Silk attacked with slurry,0
1584,Royal couple watch nation's mood,0
1588,Blunkett row should end - Blair,0
1592,Labour's Cunningham to stand down,0
1596,Correction agency plans dropped,0
1600,Jack Cunningham to stand down,0
1604,Civil servants in strike ballot,0
1608,Clarke defends terror detentions,0
1612,Howard backs stem cell research,0
1616,Howard unveils election platform,0
1620,Brown's poll campaign move denied,0
1624,Kilroy launches 'Veritas' party,0
1628,Lib Dems predict 'best ever poll',0
1632,Kennedy to make temple address,0
1636,Mallon wades into NE vote battle,0
1640,Blair 'up for it' ahead of poll,0
1644,UK rebate 'unjustified' - Chirac,0
1648,Prime minister's questions,0
1652,Police probe BNP mosque leaflet,0
1656,Police chief backs drinking move,0
1660,Will Tory tax cuts lift spirits?,0
1664,MSPs hear renewed climate warning,0
1669,Wi-fi web reaches farmers in Peru,1
1673,Text message record smashed,1
1677,Video phones act as dating tools,1
1681,The future in your pocket,1
1685,Net regulation 'still possible',1
1689,Speak easy plan for media players,1
1693,Have hackers recruited your PC?,1
1697,Global digital divide 'narrowing',1
1701,Go-ahead for new internet names,1
1705,Sony PSP tipped as a 'must-have',1
1709,Mac Mini heralds mini revolution,1
1713,Honour for UK games maker,1
1717,Napster offers rented music to go,1
1721,Seamen sail into biometric future,1
1725,Hotspot users gain free net calls,1
1729,Speak easy plan for media players,1
1733,Supercomputer breaks speed record,1
1737,Cable offers video-on-demand,1
1741,Court mulls file-sharing future,1
1745,More movies head to Sony's PSP,1
1749,IBM frees 500 software patents,1
1753,UK net users leading TV downloads,1
1757,Bush website blocked outside US,1
1761,Camera phones are 'must-haves',1
1765,Slim PlayStation triples sales,1
1769,Virus poses as Christmas e-mail,1
1773,Apple Mac mini gets warm welcome,1
1777,Multi-purpose TV aids India,1
1781,Gangsters dominate gaming chart,1
1785,Anti-spam screensaver scrapped,1
1789,Security warning over 'FBI virus',1
1793,Sporting rivals go to extra time,1
1797,T-Mobile bets on 'pocket office',1
1801,Mobile gig aims to rock 3G,1
1805,Broadband in the UK gathers pace,1
1809,Smartphones suffer Skulls attack,1
1813,Europe backs digital TV lifestyle,1
1817,Sony PSP handheld console hits US,1
1821,Games firms 'face tough future',1
1825,Solutions to net security fears,1
1829,Apple laptop is 'greatest gadget',1
1833,Mobile multimedia slow to catch on,1
1837,Casual gaming to 'take off',1
1841,Microsoft seeking spyware trojan,1
1845,Nintendo handheld given Euro date,1
1849,Hi-tech posters guide commuters,1
1853,Web radio takes Spanish rap global,1
1857,Latest Opera browser gets vocal,1
1861,Warnings on woeful wi-fi security,1
1865,How to make a gigapixel picture,1
1869,Ink helps drive democracy in Asia,1
1873,Apple makes blogs reveal sources,1
1877,China 'blocks Google news site',1
1881,Apple sues to stop product leaks,1
1885,Blind student 'hears in colour',1
1889,Mobile networks seek turbo boost,1
1893,Doors open at biggest gadget fair,1
1897,Warning over tsunami aid website,1
1901,US hacker breaks into T-Mobile,1
1905,Learning to love broadband,1
1909,Hacker threat to Apple's iTunes,1
1913,Britons growing 'digitally obese',1
1917,Savvy searchers fail to spot ads,1
1921,Europe backs digital TV lifestyle,1
1925,Microsoft releases bumper patches,1
1929,Apple attacked over sources row,1
1933,Progress on new internet domains,1
1937,Digital UK driven by net and TV,1
1941,Lifestyle 'governs mobile choice',1
1945,Peer-to-peer nets 'here to stay',1
1949,IBM puts cash behind Linux push,1
1953,Yahoo celebrates a decade online,1
1957,Lasers help bridge network gaps,1
1961,Technology gets the creative bug,1
1965,Robots learn 'robotiquette' rules,1
1969,Commodore finds new lease of life,1
1973,US cyber security chief resigns,1
1977,Rings of steel combat net attacks,1
1981,BT offers free net phone calls,1
1985,Millions to miss out on the net,1
1989,Security warning over 'FBI virus',1
1993,Fast moving phone bugs appear,1
1997,Games enter the classroom,1
2001,Net fingerprints combat attacks,1
2005,Warnings about junk mail deluge,1
2009,Doors open at biggest gadget fair,1
2013,Gadget growth fuels eco concerns,1
2017,2D Metal Slug offers retro fun,1
2021,'Ultimate game' award for Doom 3,1
2025,UK pioneers digital film network,1
2029,Joke e-mail virus tricks users,1
2033,Who do you think you are?,1
2037,Chip maker backs net phone calls,1
2041,Attack prompts Bush site block,1
2045,Satellite mapping aids Darfur relief,1
2049,Microsoft makes anti-piracy move,1
2053,Broadband fuels online change,1
2057,Format wars could 'confuse users',1
2061,Text messages aid disaster recovery,1
2065,Broadband in the UK growing fast,1
2069,DVD copy protection strengthened,1
2073,Domain system opens door to scams,1
2077,Virus poses as Christmas e-mail,1
2081,'Friends fear' with lost mobiles,1
2085,Xbox 2 may be unveiled in summer,1
2089,What high-definition will do to DVDs,1
2093,Apple unveils low-cost 'Mac mini',1
2097,Kenyan school turns to handhelds,1
2101,'Podcasters' look to net money,1
2105,IBM puts cash behind Linux push,1
2109,Mobile audio enters new dimension,1
2113,PlayStation 3 processor unveiled,1
2117,Musicians 'upbeat' about the net,1
2121,Microsoft makes anti-piracy move,1
2125,Millions buy MP3 players in US,1
2129,BBC web search aids odd queries,1
2133,US peer-to-peer pirates convicted,1
2137,Games help you 'learn and play',1
2141,Screensaver tackles spam websites,1
2145,Broadband fuels online expression,1
2149,Movie body targets children's PCs,1
2153,Telewest to challenge Sky Plus,1
2157,Finding new homes for old phones,1
2161,UK broadband gets speed injection,1
2165,Big war games battle it out,1
2169,Gizmondo gadget hits the shelves,1
2173,Cebit fever takes over Hanover,1
2177,US woman sues over ink cartridges,1
2181,Web photo storage market hots up,1
2185,US duo in first spam conviction,1
2189,Local net TV takes off in Austria,1
2193,Search sites get closer to users,1
2197,Software watching while you work,1
2201,BT program to beat dialler scams,1
2205,New delay hits EU software laws,1
2209,France starts digital terrestrial,1
2213,Microsoft gets the blogging bug,1
2217,Video phone help for deaf people,1
2221,Broadband set to revolutionise TV,1
2225,Gadget show heralds MP3 Christmas,1
2229,Half of UK's mobiles 'go online',1
2233,Cabs collect mountain of mobiles,1
2237,Gamers snap up new Sony PSP,1
2241,Cyber crime booms in 2004,1
2245,Tech helps disabled speed demons,1
2249,When invention turns to innovation,1
2253,Looks and music to drive mobiles,1
2257,California sets fines for spyware,1
2261,Why Cell will get the hard sell,1
2265,Mobile networks seek turbo boost,1
2269,Peer-to-peer nets 'here to stay',1
2273,TV's future down the phone line,1
2277,Football Manager scores big time,1
2281,Mobiles 'not media players yet',1
2285,'No re-draft' for EU patent law,1
2289,Players sought for $1m prize,1
2293,Broadband challenges TV viewing,1
2297,Santy worm makes unwelcome visit,1
2301,Swap offer for pirated Windows XP,1
2305,The gaming world in 2005,1
2309,Fast moving phone viruses appear,1
2313,More power to the people says HP,1
2317,Sun offers processing by the hour,1
2321,Nintendo DS makes its Euro debut,1
2325,Set your television to wow,1
2329,Hollywood campaign hits websites,1
2333,Games win for Blu-ray DVD format,1
2337,Game firm holds 'cast' auditions,1
2341,Apple iPod family expands market,1
2345,China net cafe culture crackdown,1
2349,Anti-spam laws bite spammer hard,1
2353,GTA sequel is criminally good,1
2357,California sets fines for spyware,1
2361,'No re-draft' for EU patent law,1
2365,How to make a greener computer,1
2369,Mobile TV tipped as one to watch,1
2373,Apple unveils low-cost 'Mac mini',1
2377,Global blogger action day called,1
2381,US blogger fired by her airline,1
2385,Pandas benefit from wireless net,1
2389,Portable PlayStation ready to go,1
2393,First look at PlayStation 3 chip,1
2397,Spam e-mails tempt net shoppers,1
2401,Mobile music challenges 'iPod age',1
2405,Blinx sequel purrs nicely,1
2409,Mobiles rack up 20 years of use,1
2413,TV future in the hands of viewers,1
2417,US state acts to stop 'spammers',1
2421,Mobile picture power in your pocket,1
2425,Viewers to be able to shape TV,1
2429,Broadband soars in 2004,1
2433,Microsoft debuts security tools,1
2437,Bad e-mail habits sustains spam,1
2441,Argonaut founder rebuilds empire,1
2445,Napster offers rented music to go,1
2449,Web helps collect aid donations,1
2453,US peer-to-peer pirates convicted,1
2457,Games maker fights for survival,1
2461,Cebit opens to mobile music tune,1
2465,Disney backs Sony DVD technology,1
2469,Hitachi unveils 'fastest robot',1
2473,Be careful how you code,1
2477,Microsoft sets sights on spyware,1
2481,Junk e-mails on relentless rise,1
2485,Slow start to speedy net services,1
2489,What high-definition will do to DVDs,1
2493,Gadgets galore on show at fair,1
2497,Blind student 'hears in colour',1
2501,'Blog' picked as word of the year,1
2505,ITunes user sues Apple over iPod,1
2509,Confusion over high-definition TV,1
2513,Web logs aid disaster recovery,1
2517,China 'ripe' for media explosion,1
2521,When technology gets personal,1
2525,Cyber criminals step up the pace,1
2529,Ban hits Half-Life 2 pirates hard,1
2533,DS aims to touch gamers,1
2537,More women turn to net security,1
2541,Speech takes on search engines,1
2545,Latest Opera browser gets vocal,1
2549,EU software patent law faces axe,1
2553,Losing yourself in online gaming,1
2557,Text message record smashed again,1
2561,Putting a face to 'Big Brother',1
2565,Britons fed up with net service,1
2569,Hollywood to sue net film pirates,1
2573,Broadband steams ahead in the US,1
2577,Xbox power cable 'fire fear',1
2581,Security scares spark browser fix,1
2585,Half-Life 2 sweeps Bafta awards,1
2589,Camera phones are 'must-haves',1
2593,Rivals of the £400 Apple...,1
2597,New Year's texting breaks record,1
2601,Domain system scam fear,1
2605,EA to take on film and TV giants,1
2609,2D Metal Slug offers retro fun,1
2613,The pirates with no profit motive,1
2617,Can Yahoo dominate next decade?,1
2621,US blogger fired by her airline,1
2625,Call for action on internet scam,1
2629,Sun offers processing by the hour,1
2633,Sony PSP console hits US in March,1
2637,Gadget show heralds MP3 season,1
2641,File-swappers ready new network,1
2645,Google launches TV search service,1
2649,Google's toolbar sparks concern,1
2653,Freeze on anti-spam campaign,1
2657,Moving mobile improves golf swing,1
2661,Gates opens biggest gadget fair,1
2665,Mobile games come of age,1
2669,The Force is strong in Battlefront,1
2673,World tour for top video gamers,1
2677,Halo fans' hope for sequel,1
2681,Gamer buys $26500 virtual land,1
2685,EU software patent law faces axe,1
2689,UK gets official virus alert site,1
2693,US top of supercomputing charts,1
2697,Bond game fails to shake or stir,1
2701,Beckham virus spotted on the net,1
2705,Looks and music to drive mobiles,1
2709,What's next for next-gen consoles?,1
2713,Millions buy MP3 players in US,1
2717,How to smash a home computer,1
2721,Robotic pods take on car design,1
2725,BT boosts its broadband packages,1
2729,Gadget market 'to grow in 2005',1
2733,Britons fed up with net service,1
2737,File-swappers ready new network,1
2741,Man auctions ad space on forehead,1
2745,Home phones face unclear future,1
2749,Format wars could 'confuse users',1
2753,Commodore finds new lease of life,1
2757,'Brainwave' cap controls computer,1
2761,Microsoft releases patches,1
2765,PC photo printers challenge pros,1
2769,Gritty return for Prince of Persia,1
2773,Cheaper chip for mobiles,1
2777,Blogs take on the mainstream,1
2781,Media gadgets get moving,1
2785,Apple sues 'Tiger' file sharers,1
2789,Blog reading explodes in America,1
2793,Iran jails blogger for 14 years,1
2797,Microsoft launches its own search,1
2801,US duo in first spam conviction,1
2805,Pompeii gets digital make-over,1
2809,Dozens held over ID fraud site,1
2813,What price for 'trusted PC security'?,1
2817,Mobile games come of age,1
2821,More power to the people says HP,1
2825,Mobile multimedia slow to catch on,1
2829,Tough rules for ringtone sellers,1
2833,A question of trust and technology,1
2837,Apple laptop is 'greatest gadget',1
2841,Firefox browser takes on Microsoft,1
2845,China 'to overtake US net use',1
2849,Consumers 'snub portable video',1
2853,Broadband in the UK growing fast,1
2857,Toxic web links help virus spread,1
2861,Rings of steel combat net attacks,1
2865,EU software patent law delayed,1
2869,Intel unveils laser breakthrough,1
2873,Rolling out next generation's net,1
2877,Row brewing over peer-to-peer ads,1
2881,Concerns over Windows ATMs,1
2885,Humanoid robot learns how to run,1
2889,Apple iPod family expands market,1
2893,Microsoft plans 'safer ID' system,1
2897,Podcasts mark rise of DIY radio,1
2901,Open source leaders slam patents,1
2905,Dublin hi-tech labs to shut down,1
2909,Ask Jeeves joins web log market,1
2913,Lifestyle 'governs mobile choice',1
2917,Kenyan school turns to handhelds,1
2921,Microsoft seeking spyware trojan,1
2925,T-Mobile bets on 'pocket office',1
2929,Disney backs Sony DVD technology,1
2933,Junk e-mails on relentless rise,1
2937,Seamen sail into biometric future,1
2941,Nuclear body seeks new tech,1
2945,New consoles promise big problems,1
2949,The year search became personal,1
2953,BBC leads interactive Bafta wins,1
2957,Broadband takes on TV viewing,1
2961,Warning over tsunami aid website,1
2965,Piero gives rugby perspective,1
2969,'Evil twin' fear for wireless net,1
2973,Consumer concern over RFID tags,1
2977,Game makers get Xbox 2 sneak peek,1
2981,Remote control rifle range debuts,1
2985,Mobiles double up as bus tickets,1
2989,Savvy searchers fail to spot ads,1
2993,Rich pickings for hi-tech thieves,1
2997,Sony PSP tipped as a 'must-have',1
3001,Digital guru floats sub-$100 PC,1
3005,Sony PSP console hits US in March,1
3009,Souped-up wi-fi is on the horizon,1
3013,Microsoft gets the blogging bug,1
3017,Fast lifts rise into record books,1
3021,Gamers could drive high-definition,1
3025,Loyalty cards idea for TV addicts,1
3029,Long life promised for laptop PCs,1
3033,PlayStation 3 chip to be unveiled,1
3037,Ask Jeeves joins web log market,1
3041,'Brainwave' cap controls computer,1
3045,Poles play with GameBoy 'blip-pop',1
3049,Microsoft takes on desktop search,1
3053,Tough rules for ringtone sellers,1
3057,Apple attacked over sources row,1
3061,Voters flock to blog awards site,1
3065,Microsoft debuts security tools,1
3069,'Ultimate game' award for Doom 3,1
3073,Halo 2 sells five million copies,1
3077,No half measures with Half-Life 2,1
3081,Mobiles 'not media players yet',1
3085,Slimmer PlayStation triple sales,1
3089,Creator of first Apple Mac dies,1
3093,Reboot ordered for EU patent law,1
3097,Millions to miss out on the net,1
3101,Yahoo moves into desktop search,1
3105,Mobile gaming takes off in India,1
3109,Progress on new internet domains,1
3113,Mobiles get set for visual radio,1
3117,Hotspot users gain free net calls,1
3121,Parents face video game lessons,1
3125,New browser wins over net surfers,1
3129,Gadget market 'to grow in 2005',1
3133,Windows worm travels with Tetris,1
3137,Smart search lets art fans browse,1
3141,Anti-tremor mouse stops PC shakes,1
3145,Intel unveils laser breakthrough,1
3149,Mobiles rack up 20 years of use,1
3153,Movie body hits peer-to-peer nets,1
3157,A decade of good website design,1
3161,Online commons to spark debate,1
3165,Internet boom for gift shopping,1
3169,Digital guru floats sub-$100 PC,1
3173,Norway upholds 'Napster' ruling,1
3177,Search wars hit desktop PCs,1
3181,US woman sues over cartridges,1
3185,Concern over RFID tags,1
3189,PC ownership to 'double by 2010',1
3193,Online games play with politics,1
3197,Games 'deserve a place in class',1
3201,Blogger grounded by her airline,1
3205,Ultra fast wi-fi nears completion,1
3209,British Library gets wireless net,1
3213,Google to scan famous libraries,1
3217,Games win for Blu-ray DVD format,1
3221,Halo 2 heralds traffic explosion,1
3225,Warning over Windows Word files,1
3229,Freeze on anti-spam campaign,1
3233,Sony wares win innovation award,1
3237,Spam e-mails tempt net shoppers,1
3241,Nintendo adds media playing to DS,1
3245,Computer grid to help the world,1
3249,Software watching while you work,1
3253,DVD copy protection strengthened,1
3257,Nintendo DS aims to touch gamers,1
3261,Musical future for phones,1
3265,Virgin Radio offers 3G broadcast,1
3269,Web radio takes Spanish rap global,1
5319,Bennett play takes theatre prizes,3
5323,REM announce new Glasgow concert,3
5327,Buffy creator joins Wonder Woman,3
5331,Godzilla gets Hollywood fame star,3
5335,Global release for Japan hit film,3
5339,Rapper films music video in jail,3
5343,Aviator and Vera take Bafta glory,3
5347,DVD review: Harry Potter and the Prisoner of Azkaban,3
5351,Fightstar take to the stage,3
5355,Day-Lewis set for Berlin honour,3
5359,Films on war triumph at Sundance,3
5363,Fockers retain film chart crown,3
5367,Spider-Man creator wins profits,3
5371,Franz man seeks government help,3
5375,Berlin honours S Korean director,3
5379,Actress Roberts takes spider role,3
5383,UK TV channel rapped for CSI ad,3
5387,Music man to the Oscars,3
5391,Sideways dominates Spirit awards,3
5395,Britney attacks 'false tabloids',3
5399,Black Sabbath top rock album poll,3
5403,Artists' secret postcards on sale,3
5407,Sundance to honour foreign films,3
5411,Charity single for quake relief,3
5415,Rock star sued by ex-girlfriend,3
5419,Bollywood draws global stars,3
5423,&#163;1.8m indecency fine for Viacom,3
5427,Greer attacks 'bully' Big Brother,3
5431,Volcano drama erupts on BBC One,3
5435,Singer's film to show at festival,3
5439,Brando 'rejected Godfather role',3
5443,No ads for Passion Oscar campaign,3
5447,Top stars join US tsunami TV show,3
5451,Jamelia's return to the top,3
5455,John Peel replacement show begins,3
5459,South Bank Awards honour hit soap,3
5463,Oscar nominees lack pulling power,3
5467,Aviator 'creator' in Oscars snub,3
5471,Dirty Den's demise seen by 14m,3
5475,Da Vinci Code is 'lousy history',3
5479,Elvis regains top chart position,3
5483,EastEnders 'is set for US remake',3
5487,Hanks greeted at wintry premiere,3
5491,Oscar nominees gear up for lunch,3
5495,Aaliyah claim dismissed by court,3
5499,Smith loses US box office crown,3
5503,Oscar nominee Dan O'Herlihy dies,3
5507,Abba queen enters music rich list,3
5511,Triple triumph for Little Britain,3
5515,Gallery unveils interactive tree,3
5519,Bafta to hand out movie honours,3
5523,Johnny and Denise lose Passport,3
5527,Deal to ban 'homophobic' reggae,3
5531,Foxx and Swank win US awards,3
5535,De Niro film leads US box office,3
5539,U2 stars enter rock Hall of Fame,3
5543,Lit Idol begins search for author,3
5547,German music in a 'zombie' state,3
5551,Top of the Pops leaves BBC One,3
5555,DJ double act revamp chart show,3
5559,New media battle for Bafta awards,3
5563,A-listers flock to Gervais sitcom,3
5567,Levy tipped for Whitbread prize,3
5571,US actor Ossie Davis found dead,3
5575,Super Size Me wins writers' award,3
5579,Stallone evicted from Big Brother,3
5583,Russian film wins BBC world prize,3
5587,Animation charms Japan box office,3
5591,Famed music director Viotti dies,3
5595,Poppins musical gets flying start,3
5599,Belle named 'best Scottish band',3
5603,Top gig award for Scissor Sisters,3
5607,Hendrix guitar fetches £100000,3
5611,'Christmas song formula' unveiled,3
5615,Brookside creator's Channel 4 bid,3
5619,Aviator 'creator' in Oscars snub,3
5623,Legendary music studio to close,3
5627,UK debut for Kevin Spacey movie,3
5631,Critics back Aviator for Oscars,3
5635,UK's National Gallery in the pink,3
5639,Early Elvis recordings go on sale,3
5643,Box office blow for Alexander,3
5647,US actor 'found with gun residue',3
5651,US 'to raise TV indecency fines',3
5655,Levy takes Whitbread novel prize,3
5659,Rapper Jay-Z becomes label boss,3
5663,Parker's saxophone heads auction,3
5667,Ray DVD beats box office takings,3
5671,Label withdraws McFadden's video,3
5675,Singer Ferguson 'facing eviction',3
5679,Tautou 'to star in Da Vinci film',3
5683,Usher leads Billboard nominations,3
5687,Fantasy book wins Hollywood deal,3
5691,New York rockers top talent poll,3
5695,Brits return Keane to number one,3
5699,Stars pay tribute to actor Davis,3
5703,De Niro completes box office coup,3
5707,West End to honour finest shows,3
5711,Foxx and Swank take actors awards,3
5715,Spike Lee backs student directors,3
5719,God cut from Dark Materials film,3
5723,Fockers keeps US box office lead,3
5727,US box office set for record high,3
5731,Hitch holds on to US box office,3
5735,Neeson in bid to revive theatre,3
5739,Bening makes awards breakthrough,3
5743,Johnny Cash manager Holiff dies,3
5747,Sir Paul rocks Super Bowl crowds,3
5751,Cage film's third week at US top,3
5755,Berlin applauds Hotel Rwanda,3
5759,Connick Jr to lead Broadway show,3
5763,Indie film nominations announced,3
5767,Prodigy join V Festival line-up,3
5771,Holmes wins '2004 top TV moment',3
5775,Wine comedy wins critics' award,3
5779,Children vote Shrek 2 best film,3
5783,Spark heads world Booker list,3
5787,Wife Swap makers sue US 'copycat',3
5791,Rapper 50 Cent ends protege feud,3
5795,Shark Tale DVD is US best-seller,3
5799,Actor Scott is new Bond favourite,3
5803,Download chart debut is delayed,3
5807,'Comeback' show for Friends star,3
5811,Tarantino to direct CSI episode,3
5815,TV show unites Angolan families,3
5819,Russian film wins BBC world prize,3
5823,US TV cuts nudity from BBC film,3
5827,Arnold congratulated on Oscar win,3
5831,Spector facing more legal action,3
5835,Brit awards for Devon music acts,3
5839,India to deport Bollywood actress,3
5843,Eurovision 'greats' to do battle,3
5847,Abba reunite for musical premiere,3
5851,Jackson film 'absolute disaster',3
5855,Portishead back after eight years,3
5859,Church urges Nelly show boycott,3
5863,The Sound of Music is coming home,3
5867,Glastonbury fans to get ID cards,3
5871,Howl helps boost Japan's cinemas,3
5875,UK Directors Guild nominees named,3
5879,Music mogul Fuller sells company,3
5883,Redford's vision of Sundance,3
5887,Goodrem wins top female MTV prize,3
5891,Eminem beats Elvis to number one,3
5895,Pixies take on Reading and Leeds,3
5899,'Landmark movies' of 2004 hailed,3
5903,Rock band U2 break ticket record,3
5907,Queen recruit singer for new tour,3
5911,Row threatens Hendrix museum plan,3
5915,Ethnic producers 'face barriers',3
5919,Ten-year tragedy of missing Manic,3
5923,Angels 'favourite funeral song',3
5927,Joy Division story to become film,3
5931,Boogeyman takes box office lead,3
5935,Women in film 'are earning less',3
5939,Elvis 'set for chart hat-trick',3
5943,Cult band Kasabian surge forward,3
5947,Disputed Nirvana box set on sale,3
5951,Paraguay novel wins US book prize,3
5955,Incredibles win animation awards,3
5959,Jarre joins fairytale celebration,3
5963,Vibe awards back despite violence,3
5967,Singer's film to show at festival,3
5971,US composer recreates Bach score,3
5975,Carry On star Patsy Rowlands dies,3
5979,Halloween writer Debra Hill dies,3
5983,Singer Christina Aguilera to wed,3
5987,Arthur Hailey: King of the bestsellers,3
5991,McCririck out of Big Brother show,3
5995,Manics in charge of BBC 6 Music,3
5999,Elvis set to top UK singles chart,3
6003,Veteran comic Cyril Fletcher dies,3
6007,George Michael to perform for BBC,3
6011,French honour for director Parker,3
6015,Help for indies in download sales,3
6019,Da Vinci film to star Tom Hanks,3
6023,Housewives lift Channel 4 ratings,3
6027,Famed music director Viotti dies,3
6031,Duran Duran show set for US TV,3
6035,Wal-Mart is sued over rude lyrics,3
6039,Grammys honour soul star Charles,3
6043,Tough schedule delays Elliot show,3
6047,Original Exorcist to be screened,3
6051,Ring of Fire hit co-writer dies,3
6055,Lasting influence of legend Charles,3
6059,Surprise win for anti-Bush film,3
6063,Film production 'falls' 40% in UK,3
6067,Pete Doherty misses bail deadline,3
6071,Casino Royale is next Bond movie,3
6075,US TV host Clark suffers stroke,3
6079,Stars pay tribute to actor Davis,3
6083,Prince crowned 'top music earner',3
6087,How the Academy Awards flourished,3
6091,Vera Drake's Bafta triumph hope,3
6095,BBC to pour £9m into new comedy,3
6099,X Factor show gets second series,3
6103,Vera Drake leads UK Oscar hopes,3
6107,Eminem secret gig venue revealed,3
6111,Pupils to get anti-piracy lessons,3
6115,Lopez misses UK charity premiere,3
6119,Streets have 'album of the year',3
6123,Robots march to US cinema summit,3
6127,Court halts Mark Morrison album,3
6131,Baywatch dubbed 'worst TV import',3
6135,US TV special for tsunami relief,3
6139,OutKast win at MTV Europe Awards,3
6143,Johnny Depp: The acting outlaw,3
6147,Brits return Keane to number one,3
6151,BBC denies Blackadder TV comeback,3
6155,Douglas set for Indian adventure,3
6159,Eastwood's Baby scoops top Oscars,3
6163,Blair buys copies of new Band Aid,3
6167,Bookmakers back Aviator for Oscar,3
6171,Youssou N'Dour wins music prize,3
6175,U2's desire to be number one,3
6179,Mutant book wins Guardian prize,3
6183,Public show for Reynolds portrait,3
6187,Dutch watch Van Gogh's last film,3
6191,Downloads enter US singles chart,3
6195,Hollywood hunts hits at Sundance,3
6199,Beatles suits sell for $110000,3
6203,De Niro film leads US box office,3
6207,Rocker Doherty in on-stage fight,3
6211,Elvis fans hold birthday bash,3
6215,Stars shine on Bafta red carpet,3
6219,Career honour for actor DiCaprio,3
6223,Sir Paul rocks Super Bowl crowds,3
6227,Celebrities get their skates on,3
6231,Fears raised over ballet future,3
6235,New Harry Potter tops book chart,3
6239,Downloads enter US singles chart,3
6243,Singer Ian Brown 'in gig arrest',3
6247,Fockers fuel festive film chart,3
6251,Uganda bans Vagina Monologues,3
6255,Beastie Boys win sampling battle,3
6259,Mumbai bombs movie postponed,3
6263,Rock group Korn's guitarist quits,3
6267,Corbett attacks 'dumbed-down TV',3
6271,Snow Patrol feted at Irish awards,3
6275,TV presenter Deeley drops CD:UK,3
6279,U2 to play at Grammy awards show,3
6283,Soul sensation ready for awards,3
6287,Adventure tale tops awards,3
6291,Vera Drake scoops film award,3
6295,Police praise 'courageous' Ozzy,3
6299,Mogul Wilson backing UK rap band,3
6303,Hobbit picture 'four years away',3
6307,Hollywood ready for Oscars night,3
6311,Double win for Sea Inside,3
6315,Kidman wins photographer battle,3
6319,Jungle TV show ratings drop by 4m,3
6323,New York rockers top talent poll,3
6327,Berlin hails European cinema,3
6331,CSI shows give 'unrealistic view',3
6335,Obituary: Dame Alicia Markova,3
6339,Usher leads Soul Train shortlist,3
6343,US show sued for rat-eating stunt,3
6347,Band Aid retains number one spot,3
6351,Rapper 50 Cent scores chart first,3
6355,Lee to create new film superhero,3
6359,Comic Morris returns with sitcom,3
6363,Snicket tops US box office chart,3
6367,Blue beat U2 to top France honour,3
6371,Stern dropped from radio stations,3
6375,Willis sues over movie 'injury',3
6379,Controversial film tops festival,3
6383,School tribute for TV host Carson,3
6387,Rapper Kanye West's shrewd soul,3
6391,Baby becomes new Oscar favourite,3
6395,Hundreds vie for best film Oscar,3
6399,Horror film heads US box office,3
6403,Hard act to follow for OutKast,3
6407,Rapper Snoop Dogg sued for 'rape',3
6411,'My memories of Marley...',3
6415,Film star Fox behind theatre bid,3
6419,Aviator wins top Globes accolades,3
6423,Dame Julie pops in to see Poppins,3
6427,Low-budget film wins Cesar,3
6431,Double eviction from Big Brother,3
6435,Tarantino 'to make Friday sequel',3
6439,Queen recruit singer for new tour,3
6443,Ocean's Twelve raids box office,3
6447,Star Trek fans fight to save show,3
6451,Alicia Keys to open US Super Bowl,3
6455,Muslim group attacks TV drama 24,3
6459,Fry set for role in Hitchhiker's,3
6463,No jail for singer Courtney Love,3
6467,Slater to star in Broadway play,3
6471,Bollywood DVD fraudster is jailed,3
6475,Show over for MTV's The Osbournes,3
6479,Dance music not dead says Fatboy,3
6483,Singer Sizzla jailed for swearing,3
6487,Wine comedy up for six film gongs,3
6491,Briton wins short film Oscar,3
6495,Rap boss arrested over drug find,3
6499,Baghdad Blogger on big screen,3
6503,Rap feud in 50 Cent's G-Unit crew,3
6507,Spirit awards hail Sideways,3
6511,Little Britain two top comic list,3
6515,Lost Doors frontman movie found,3
6519,Musical treatment for Capra film,3
6523,France set for new Da Vinci novel,3
6527,Farrell due to make US TV debut,3
6531,DVD review: I Robot,3
6535,Housewives lift Channel 4 ratings,3
6539,Pop band Busted to 'take a break',3
6543,T in the Park sells out in days,3
6547,Howl helps boost Japan's cinemas,3
6551,J-Lo and husband plan debut duet,3
6555,Hoffman hits out over modern film,3
6559,Potter director signs Warner deal,3
6563,Ray DVD beats box office takings,3
6567,UK 'world's biggest music buyer',3
6571,Berlin celebrates European cinema,3
6575,BBC 'should allow more scrutiny',3
6579,Chris Evans back on the market,3
6583,Oscars race enters final furlong,3
6587,DVD review: Spider-Man 2,3
6591,Jugnot 'tops French actor league',3
6595,Tautou film tops Cesar prize nods,3
6599,Patti Smith to host arts festival,3
6603,The Producers scoops stage awards,3
6607,Prince crowned 'top music earner',3
6611,Scissor Sisters triumph at Brits,3
6615,Bangkok film festival battles on,3
6619,Byrds producer Melcher dies at 62,3
6623,US 'afflicted' with awards fatigue,3
6627,Versace art portfolio up for sale,3
6631,Roxy Music on Isle of Wight bill,3
6635,TV station refuses adoption show,3
6639,Brits debate over 'urban' music,3
6643,Singer Knight backs anti-gun song,3
6647,Last Star Wars 'not for children',3
6651,Moreno debut makes Oscar mark,3
6655,Ocean's Twelve raids box office,3
6659,Hillbillies singer Scoggins dies,3
6663,Doves soar to UK album summit,3
6667,iTunes now selling Band Aid song,3
6671,Oasis star fined for German brawl,3
6675,Sky takes over Oscar night mantle,3
6679,Branson show flops on US screens,3
6683,Tautou 'to star in Da Vinci film',3
6687,US critics laud comedy Sideways,3
6691,Fox 'too reliant on reality TV',3
6695,Michael film signals 'retirement',3
6699,Springer criticises Opera musical,3
6703,REM concerts blighted by illness,3
6707,The comic book genius of Stan Lee,3
6711,Keanu Reeves given Hollywood star,3
6715,Three DJs replace Peel radio show,3
6719,Gervais writing Simpsons episode,3
6723,Snow Patrol bassist exits group,3
6727,Musical treatment for Capra film,3
6731,Church anger over Bollywood film,3
6735,Roundabout continues nostalgia trip,3
6739,Van Gogh festival film withdrawn,3
6743,Musicians to tackle US red tape,3
6747,Stars gear up for Bafta ceremony,3
6751,Campaigners attack MTV 'sleaze',3
6755,Little Britain vies for TV trophy,3
6759,Pop band Busted to 'take a break',3
6763,Richard and Judy choose top books,3
6767,Actor Foxx sees Globe nominations,3
6771,Media seek Jackson 'juror' notes,3
6775,Film row over Pirates 'cannibals',3
6779,Director Nair's Vanity project,3
6783,TOTP turns to Elvis impersonator,3
6787,US charity anthem is re-released,3
6791,Glasgow hosts tsunami benefit gig,3
6795,Day-Lewis set for Berlin honour,3
6799,Applegate's Charity show closes,3
6803,No charges against TV's Cosby,3
6807,Franz Ferdinand's art school lesson,3
6811,No UK premiere for Rings musical,3
6815,Bets off after Big Brother 'leak',3
6819,Bookmakers back Aviator for Oscar,3
6823,Band Aid 20 single storms to No 1,3
6827,Elton plays Paris charity concert,3
6831,Spears seeks aborted tour payment,3
6835,Celebrities get to stay in jungle,3
6839,British stars denied major Oscars,3
6843,Oscars steer clear of controversy,3
6847,Oscar host Rock to keep it clean,3
6851,Brookside actress Keaveney dies,3
6855,Ray Charles studio becomes museum,3
6859,Berlin cheers for anti-Nazi film,3
6862,Japan narrowly escapes recession,2
6866,Japan's ageing workforce: built to last,2
6870,Krispy Kreme shares hit,2
6874,Argentina closes $102.6bn debt swap,2
6878,Worldcom boss 'left books alone',2
6882,German bidder in talks with LSE,2
6886,Soros group warns of Kazakh close,2
6890,Rich grab half Colombia poor fund,2
6894,Swiss cement firm in buying spree,2
6898,UK homes hit £3.3 trillion total,2
6902,Virgin Blue shares plummet 20%,2
6906,Jarvis sells Tube stake to Spain,2
6910,Banker loses sexism claim,2
6914,Ebbers denies WorldCom fraud,2
6918,Steady job growth continues in US,2
6922,Fannie Mae 'should restate books',2
6926,Russian oil merger excludes Yukos,2
6930,UK Coal plunges into deeper loss,2
6934,Cactus diet deal for Phytopharm,2
6938,Brewers' profits lose their fizz,2
6942,China suspends 26 power projects,2
6946,Amex shares up on spin-off news,2
6950,US manufacturing expands,2
6954,Quake's economic costs emerging,2
6958,Giving financial gifts to children,2
6962,Ask Jeeves tips online ad revival,2
6966,Ford gains from finance not cars,2
6970,Australia rates at four year high,2
6974,Nortel in $300m profit revision,2
6978,Two Nigerian banks set to merge,2
6982,Venezuela identifies 'idle' farms,2
6986,Aviation firms eye booming India,2
6990,BT offers equal access to rivals,2
6994,J&J agrees $25bn Guidant deal,2
6998,Georgia plans hidden asset pardon,2
7002,'Standoff' on Deutsche's LSE bid,2
7006,Economy 'strong' in election year,2
7010,US firm pulls out of Iraq,2
7014,Continental 'may run out of cash',2
7018,BMW drives record sales in Asia,2
7022,GM issues 2005 profits warning,2
7026,JP Morgan admits US slavery links,2
7030,US prepares for hybrid onslaught,2
7034,Fed chief warning on US deficit,2
7038,Weak data buffets French economy,2
7042,Mixed Christmas for US retailers,2
7046,News Corp eyes video games market,2
7050,Ukraine steel sell-off 'illegal',2
7054,SEC to rethink post-Enron rules,2
7058,Go-ahead for Balkan oil pipeline,2
7062,Algeria hit by further gas riots,2
7066,IMF agrees fresh Turkey funding,2
7070,Takeover rumour lifts Exel shares,2
7074,EC calls truce in deficit battle,2
7078,Irish markets reach all-time high,2
7082,News Corp eyes video games market,2
7086,World leaders gather to face uncertainty,2
7090,Ethiopia's crop production up 24%,2
7094,Vodafone appoints new Japan boss,2
7098,Low-cost airlines hit Eurotunnel,2
7102,House prices suffer festive fall,2
7106,FBI agent colludes with analyst,2
7110,Trial begins of Spain's top banker,2
7114,Ailing EuroDisney vows turnaround,2
7118,US gives foreign firms extra time,2
7122,Mexican in US send $16bn home,2
7126,Yukos drops banks from court bid,2
7130,Parmalat sues 45 banks over crash,2
7134,Europe blames US over weak dollar,2
7138,Disaster claims 'less than $10bn',2
7142,Novartis hits acquisition trail,2
7146,Christmas sales worst since 1981,2
7150,LSE doubts boost bidders' shares,2
7154,Ad sales boost Time Warner profit,2
7158,Israeli economy picking up pace,2
7162,Huge rush for Jet Airways shares,2
7166,European losses hit GM's profits,2
7170,Survey confirms property slowdown,2
7174,Fiat mulls Ferrari market listing,2
7178,Boeing secures giant Japan order,2
7182,Tobacco giants hail court ruling,2
7186,Businesses fail to plan for HIV,2
7190,Steel firm 'to cut' 45000 jobs,2
7194,Arsenal 'may seek full share listing',2
7198,M&S cuts prices by average of 24%,2
7202,Iraqi voters turn to economic issues,2
7206,Standard Life concern at LSE bid,2
7210,Laura Ashley chief stepping down,2
7214,Hariri killing hits Beirut shares,2
7218,Jobs growth still slow in the US,2
7222,Japan economy slides to recession,2
7226,Germany nears 1990 jobless level,2
7230,US consumer confidence up,2
7234,Sales 'fail to boost High Street',2
7238,Yukos heading back to US courts,2
7242,US industrial output growth eases,2
7246,Disney settles disclosure charges,2
7250,EU aiming to fuel development aid,2
7254,Mixed signals from French economy,2
7258,Pernod takeover talk lifts Domecq,2
7262,US interest rates increased to 2%,2
7266,India's Maruti sees profits jump,2
7270,Qantas sees profits fly to record,2
7274,Iran budget seeks state sell-offs,2
7278,Monsanto fined $1.5m for bribery,2
7282,Oil prices reach three-month low,2
7286,Ukraine revisits state sell-offs,2
7290,US firm 'bids for Lacroix label',2
7294,Electronics firms eye plasma deal,2
7298,Chinese wine tempts Italy's Illva,2
7302,Japan bank shares up on link talk,2
7306,US economy still growing says Fed,2
7310,Japan turns to beer alternatives,2
7314,News Corp makes $5.4bn Fox offer,2
7318,Winemaker rejects Foster's offer,2
7322,Warning over US pensions deficit,2
7326,China now top trader with Japan,2
7330,Safety alert as GM recalls cars,2
7334,UK economy ends year with spurt,2
7338,US data sparks inflation worries,2
7342,S Korean consumers spending again,2
7346,Trade gap narrows as exports rise,2
7350,Buyers snap up Jet Airways' shares,2
7354,Deutsche Boerse boosts dividend,2
7358,Peugeot deal boosts Mitsubishi,2
7362,Car giant hit by Mercedes slump,2
7366,Mitsubishi in Peugeot link talks,2
7370,Criminal probe on Citigroup deals,2
7374,Yukos sues four firms for $20bn,2
7378,Dollar hits new low versus euro,2
7382,Train strike grips Buenos Aires,2
7386,Gaming firm to sell UK dog tracks,2
7390,Gazprom 'in $36m back-tax claim',2
7394,French boss to leave EADS,2
7398,Shares hit by MS drug suspension,2
7402,Bombardier chief to leave company,2
7406,Asian banks halt dollar's slide,2
7410,BBC poll indicates economic gloom,2
7414,Iraq to invite phone licence bids,2
7418,Saudi ministry to employ women,2
7422,Venezuela and China sign oil deal,2
7426,India calls for fair trade rules,2
7430,Boeing unveils new 777 aircraft,2
7434,Italy to get economic action plan,2
7438,US economy shows solid GDP growth,2
7442,Dutch bank to lay off 2850 staff,2
7446,German business confidence slides,2
7450,Durex maker SSL awaits firm bid,2
7454,Indonesians face fuel price rise,2
7458,Indy buys into India paper,2
7462,Iraq and Afghanistan in WTO talks,2
7466,Winn-Dixie files for bankruptcy,2
7470,Yukos accused of lying to court,2
7474,Jobs go at Oracle after takeover,2
7478,Ryanair in $4bn Boeing plane deal,2
7482,Lloyd's of London head chides FSA,2
7486,EU ministers to mull jet fuel tax,2
7490,Stock market eyes Japan recovery,2
7494,Fiat chief takes steering wheel,2
7498,UK bank seals South Korean deal,2
7502,Deutsche Boerse set to 'woo' LSE,2
7506,Russia gets investment blessing,2
7510,Circuit City gets takeover offer,2
7514,Wipro beats forecasts once again,2
7518,Parmalat boasts doubled profits,2
7522,Orange colour clash set for court,2
7526,GE sees 'excellent' world economy,2
7530,'Golden economic period' to end,2
7534,GM in crunch talks on Fiat future,2
7538,$1m payoff for former Shell boss,2
7542,Delta cuts fares in survival plan,2
7546,Troubled Marsh under SEC scrutiny,2
7550,SBC plans post-takeover job cuts,2
7554,Israel looks to US for bank chief,2
7558,BA to suspend two Saudi services,2
7562,GSK aims to stop Aids profiteers,2
7566,Beijingers fume over parking fees,2
7570,Nasdaq planning $100m-share sale,2
7574,US bank boss hails 'genius' Smith,2
7578,ID theft surge hits US consumers,2
7582,Green reports shun supply chain,2
7586,Argentina Venezuela in oil deal,2
7590,Singapore growth at 8.1% in 2004,2
7594,Saab to build Cadillacs in Sweden,2
7598,MCI shares climb on takeover bid,2
7602,S Korean lender faces liquidation,2
7606,Newest EU members underpin growth,2
7610,Troubled Marsh under SEC scrutiny,2
7614,S Korean credit card firm rescued,2
7618,Firms pump billions into pensions,2
7622,Axa Sun Life cuts bonus payments,2
7626,Turkey turns on the economic charm,2
7630,Bank set to leave rates on hold,2
7634,Police detain Chinese milk bosses,2
7638,WorldCom bosses' $54m payout,2
7642,India and Iran in gas export deal,2
7646,VW considers opening Indian plant,2
7650,Euronext joins bid battle for LSE,2
7654,Japanese banking battle at an end,2
7658,China continues breakneck growth,2
7662,US Airways staff agree to pay cut,2
7666,Aids and climate top Davos agenda,2
7670,Oil prices fall back from highs,2
7674,Chinese exports rise 25% in 2004,2
7678,Tokyo says deflation 'controlled',2
7682,Parmalat to return to stockmarket,2
7686,Ore costs hit global steel firms,2
7690,Qatar and Shell in $6bn gas deal,2
7694,Turkey knocks six zeros off lira,2
7698,'Post-Christmas lull' in lending,2
7702,Market unfazed by Aurora setback,2
7706,Karachi stocks hit historic high,2
7710,Bank holds interest rate at 4.75%,2
7714,Tsunami 'to hit Sri Lanka banks',2
7718,China Aviation seeks rescue deal,2
7722,India opens skies to competition,2
7726,Mild winter drives US oil down 6%,2
7730,China bans new tobacco factories,2
7734,Economy 'strong' in election year,2
7738,Call to overhaul UK state pension,2
7742,McDonald's boss Bell dies aged 44,2
7746,House prices rebound says Halifax,2
7750,Macy's owner buys rival for $11bn,2
7754,US trade gap hits record in 2004,2
7758,Tsunami cost hits Jakarta shares,2
7762,Putin backs state grab for Yukos,2
7766,Dollar gains on Greenspan speech,2
7770,EU-US seeking deal on air dispute,2
7774,Wal-Mart to pay $14m in gun suit,2
7778,Feta cheese battle reaches court,2
7782,Burren awarded Egyptian contracts,2
7786,Honda wins China copyright ruling,2
7790,Cairn shares slump on oil setback,2
7794,Ukraine strikes Turkmen gas deal,2
7798,Asia shares defy post-quake gloom,2
7802,China keeps tight rein on credit,2
7806,Khodorkovsky quits Yukos shares,2
7810,Dollar drops on reserves concerns,2
7814,EU to probe Alitalia 'state aid',2
7818,Liberian economy starts to grow,2
7822,France Telecom gets Orange boost,2
7826,Consumers drive French economy,2
7830,US Ahold suppliers face charges,2
7834,Call to save manufacturing jobs,2
7838,US trade deficit widens sharply,2
7842,Fed warns of more US rate rises,2
7846,Lacroix label bought by US firm,2
7850,Could Yukos be a blessing in disguise?,2
7854,IMF 'cuts' German growth estimate,2
7858,Nissan names successor to Ghosn,2
7862,Markets fall on weak dollar fears,2
7866,Tsunami slows Sri Lanka's growth,2
7870,China's Shanda buys stake in Sina,2
7874,Brussels raps mobile call charges,2
7878,French suitor holds LSE meeting,2
7882,Steady job growth continues in US,2
7886,Cash gives way to flexible friend,2
7890,Bank opts to leave rates on hold,2
7894,Wall Street cool to eBay's profit,2
7898,Split-caps pay £194m compensation,2
7902,'Strong dollar' call halts slide,2
7906,Brazil plays down Varig rescue,2
7910,Europe asks Asia for euro help,2
7914,Saudi investor picks up the Savoy,2
7918,WorldCom director admits lying,2
7922,India-Pakistan peace boosts trade,2
7926,Rescue hope for Borussia Dortmund,2
7930,S Korea spending boost to economy,2
7934,Indian oil firm eyes Yukos assets,2
7938,Profits stall at China's Lenovo,2
7942,Yukos unit fetches $9bn at auction,2
7946,Share boost for feud-hit Reliance,2
7950,Irish company hit by Iraqi report,2
7954,Yangtze Electric's profits double,2
7958,Parmalat founder offers apology,2
7962,No seasonal lift for house market,2
7966,Bank voted 8-1 for no rate change,2
7970,Alfa Romeos 'to get GM engines',2
7974,Record year for Chilean copper,2
7978,Golden rule 'intact' says ex-aide,2
7982,Weak end-of-year sales hit Next,2
7986,Ex-Boeing director gets jail term,2
7990,Ukraine trims privatisation check,2
7994,UK 'risks breaking golden rule',2
7998,House prices show slight increase,2
8002,Euronext 'poised to make LSE bid',2
8006,Watchdog probes Vivendi bond sale,2
8010,Booming markets shed few tears,2
8014,Strong quarterly growth for Nike,2
8018,Fresh hope after Argentine crisis,2
8022,Brazil jobless rate hits new low,2
8026,Marsh executive in guilty plea,2
8030,Madagascar completes currency switch,2
8034,US in EU tariff chaos trade row,2
8038,Weak dollar trims Cadbury profits,2
8042,Bush to get 'tough' on deficit,2
8046,G7 backs Africa debt relief plan,2
8050,Asian quake hits European shares,2
8054,Air passengers win new EU rights,2
8058,Call centre users 'lose patience',2
8062,Economy 'stronger than forecast',2
8066,US insurer Marsh cuts 2500 jobs,2
8070,Libya takes $1bn in unfrozen funds,2
8074,Crude oil prices back above $50,2
8078,BMW cash to fuel Mini production,2
8082,Cairn Energy in Indian gas find,2
8086,Millions go missing at China bank,2
8090,India power shares jump on debut,2
8094,Bat spit drug firm goes to market,2
8098,Asia shares defy post-quake gloom,2
8102,Building giant in asbestos payout,2
8106,Salary scandal in Cameroon,2
8110,Qwest may spark MCI bidding war,2
8114,Sluggish economy hits German jobs,2
8118,India's Reliance family feud heats up,2
8122,Yukos loses US bankruptcy battle,2
8126,Yukos owner sues Russia for $28bn,2
8130,Glazer makes new Man Utd approach,2
8134,Palestinian economy in decline,2
8138,Executive trio leave Aer Lingus,2
8142,Court rejects $280bn tobacco case,2
8146,Malaysia lifts Islamic bank limit,2
8150,Hyundai to build new India plant,2
8154,Lesotho textile workers lose jobs,2
8158,US adds more jobs than expected,2
8162,Stormy year for property insurers,2
8166,WMC profits up amid bid criticism,2
8170,Google shares fall as staff sell,2
8174,German jobless rate at new record,2
8178,Fosters buys stake in winemaker,2
8182,WorldCom trial starts in New York,2
8186,Bush budget seeks deep cutbacks,2
8190,Telegraph newspapers axe 90 jobs,2
8194,Rover deal 'may cost 2000 jobs',2
8198,BMW reveals new models pipeline,2
8202,Indonesia 'declines debt freeze',2
8206,The 'ticking budget' facing the US,2
8210,Tate & Lyle boss bags top award,2
8214,Lufthansa may sue over Bush visit,2
8218,AstraZeneca hit by drug failure,2
8222,Cannabis hopes for drug firm,2
8226,EMI shares hit by profit warning,2
8230,Shares rise on new Man Utd offer,2
8234,Electrolux to export Europe jobs,2
8238,DaimlerChrysler's 2004 sales rise,2
8242,Borussia Dortmund near bust,2
8246,Rank 'set to sell off film unit',2
8250,Industrial revival hope for Japan,2
8254,Mixed reaction to Man Utd offer,2
8258,Lufthansa flies back to profit,2
8262,EU 'too slow' on economic reforms,2
8266,Dollar hovers around record lows,2
8270,Consumer spending lifts US growth,2
8274,Insurance bosses plead guilty,2
8278,Making your office work for you,2
8282,Absa and Barclays talks continue,2
8286,Bad weather hits Nestle sales,2
8290,GM Ford cut output as sales fall,2
8294,Oil companies get Russian setback,2
8298,Latin America sees strong growth,2
8302,Deadline nears for Fiat-GM deal,2
8306,Ad firm WPP's profits surge 15%,2
8310,Weak dollar hits Reuters,2
8314,SEC to rethink post-Enron rules,2
8318,Brazil buy boosts Belgium's Inbev,2
8322,Glaxo aims high after profit fall,2
8326,Saudi NCCI's shares soar,2
8330,Nigeria to boost cocoa production,2
8334,Deutsche attacks Yukos case,2
8338,Profits slide at India's Dr Reddy,2
8342,Business confidence dips in Japan,2
8346,Egypt to sell off state-owned bank,2
8350,UK young top Euro earnings league,2
8354,FAO warns on impact of subsidies,2
8358,Egypt and Israel seal trade deal,2
8362,Bank payout to Pinochet victims,2
8366,Barclays shares up on merger talk,2
8370,Reliance unit loses Anil Ambani,2
8374,Winter freeze keeps oil above $50,2
8378,Turkey-Iran mobile deal 'at risk',2
8382,Business fears over sluggish EU economy,2
8386,French consumer spending rising,2
8390,Gold falls on IMF sale concerns,2
8394,US to rule on Yukos refuge call,2
8398,South African car demand surges,2
8402,German economy rebounds,2
8406,S Korea spending boost to economy,2
8410,India widens access to telecoms,2
8414,WMC says Xstrata bid is too low,2
8418,Standard Life cuts policy bonuses,2
8422,US bank in $515m SEC settlement,2
8426,Ebbers 'aware' of WorldCom fraud,2
8430,US budget deficit to reach $368bn,2
8434,UK house prices dip in November,2
8438,Umbro profits lifted by Euro 2004,2
8442,Beer giant swallows Russian firm,2
8446,Japanese growth grinds to a halt,2
8450,UK firm faces Venezuelan land row,2
8454,India's Deccan gets more planes,2
8458,Chinese dam firm 'defies Beijing',2
8462,Wembley firm won't make a profit,2
8466,MG Rover China tie-up 'delayed',2
8470,Oil rebounds from weather effect,2
8474,Yukos unit buyer faces loan claim,2
8478,Dollar slides ahead of New Year,2
8482,Man Utd to open books to Glazer,2
8486,SA unveils 'more for all' budget,2
8490,Irish duo could block Man Utd bid,2
8494,Budget Aston takes on Porsche,2
8498,Profits jump at China's top bank,2
8502,Nasdaq planning $100m share sale,2
8506,Industrial output falls in Japan,2
8510,Why few targets are better than many,2
8514,S&N extends Indian beer venture,2
8518,Strong demand triggers oil rally,2
8522,Minister hits out at Yukos sale,2
8526,German growth goes into reverse,2
8530,US trade gap ballooned in October,2
8534,Diageo to buy US wine firm,2
8538,US to probe airline travel chaos,2
8542,Germany calls for EU reform,2
8546,MCI shareholder sues to stop bid,2
8550,India and Russia in energy talks,2
8554,BMW to recall faulty diesel cars,2
8558,China had role in Yukos split-up,2
8562,Water firm Suez in Argentina row,2
8566,US crude prices surge above $53,2
8570,HealthSouth ex-boss goes on trial,2
8574,US retail sales surge in December,2
8578,Cars pull down US retail figures,2
8582,Christmas shoppers flock to tills,2
8586,Five million Germans out of work,2
8590,Verizon 'seals takeover of MCI',2
8594,Jobs growth still slow in the US,2
8598,Qantas considers offshore option,2
8602,Retail sales show festive fervour,2
8606,Bargain calls widen Softbank loss,2
8610,Takeover offer for Sunderland FC,2
8614,India's rupee hits five-year high,2
8618,Mystery surrounds new Yukos owner,2
8622,Crossrail link 'to get go-ahead',2
8626,Singapore growth at 8.1% in 2004,2
8630,Britannia members' £42m windfall,2
8634,Euro firms miss out on optimism,2
8638,Ban on forced retirement under 65,2
8642,Yukos seeks court action on sale,2
8646,Metlife buys up Citigroup insurer,2
8650,Optimism remains over UK housing,2
8654,Barclays profits hit record level,2
8658,GM pays $2bn to evade Fiat buyout,2
8662,Golden rule boost for Chancellor,2
8666,Parmalat bank barred from suing,2
8670,Worldcom ex-boss launches defence,2
8674,Russia WTO talks 'make progress',2
8678,India seeks to boost construction,2
8682,Soaring oil 'hits world economy',2
8686,McDonald's to sponsor MTV show,2
8690,Air China in $1bn London listing,2
8694,Yukos bankruptcy 'not US matter',2
8698,Ericsson sees earnings improve,2
8702,Asia quake increases poverty risk,2
8706,Brazil approves bankruptcy reform,2
8710,India's Deccan seals $1.8bn deal,2
8714,Venezuela reviews foreign deals,2
8718,Worldcom director ends evidence,2
8722,Millions 'to lose textile jobs',2
8726,Markets signal Brazilian recovery,2
8730,Home loan approvals rising again,2
8734,Giant waves damage S Asia economy,2
8738,House prices drop as sales slow,2
8742,UK economy facing 'major risks',2
8746,Deutsche Telekom sees mobile gain,2
8750,Small firms 'hit by rising costs',2
8754,UK interest rates held at 4.75%,2
8758,US regulator to rule on pain drug,2
8762,Pension hitch for long-living men,2
8766,High fuel costs hit US airlines,2
8770,High fuel prices hit BA's profits,2
8774,Iranian MPs threaten mobile deal,2
8778,Slowdown hits US factory growth,2
8782,China continues rapid growth,2
8786,ECB holds rates amid growth fears,2
8790,Japanese mogul arrested for fraud,2
8794,Further rise in UK jobless total,2
8798,Q&A: Malcolm Glazer and Man Utd,2
8802,Khodorkovsky ally denies charges,2
8806,Kraft cuts snack ads for children,2
8810,US seeks new $280bn smoker ruling,2
8814,Wal-Mart fights back at accusers,2
8818,US company admits Benin bribery,2
8822,Air Jamaica back in state control,2
8826,Bush to outline 'toughest' budget,2
8830,Card fraudsters 'targeting web',2
8834,Wall Street cheers Bush victory,2
8838,BP surges ahead on high oil price,2
8842,Manufacturing recovery 'slowing',2
8846,India unveils anti-poverty budget,2
8850,US interest rate rise expected,2
8854,Unilever shake up as profit slips,2
8858,Tsunami to cost Sri Lanka $1.3bn,2
8862,Renault boss hails 'great year',2
8866,Cuba winds back economic clock,2
8870,Enron bosses in $168m payout,2
8874,Quiksilver moves for Rossignol,2
8878,Senior Fannie Mae bosses resign,2
8882,US bank 'loses' customer details,2
8886,Cairn shares up on new oil find,2
8890,Battered dollar hits another low,2
8894,French wine gets 70m euro top-up,2
8898,LSE 'sets date for takeover deal',2
